,precision,recall,f1_score,f1 score
retina_face,0.9220216606498195,0.978544061302682,0.9494423791821561,
mtcnn,0.7612128869235628,0.9233716475095786,,0.8344875346260388
YoloV8,0.991,0.9233716475095786,,0.95
