,precision,recall,f1_score
0,0.9220216606498195,0.978544061302682,0.9494423791821561
