{
  "train_loss": [
    2.783395311824178
  ],
  "train_acc": [
    23.875432525951556
  ],
  "val_loss": [
    1.9056887445152837
  ],
  "val_acc": [
    58.477508650519034
  ]
}