epoch,train_loss,train_acc,val_loss,val_acc,lr
1,2.783395311824178,23.875432525951556,1.9056887445152837,58.477508650519034,0.001
