{
  "train_loss": [
    2.7698556081646455,
    1.862187852084018,
    1.540167493391202,
    1.1929363319618067,
    0.8775152813604546,
    0.6382378145897677,
    0.6188371602226707,
    0.4882270110107211,
    0.432018738304455,
    0.38038102936992185,
    0.37254536172510433,
    0.3385439055188717,
    0.3524396512335147,
    0.293687342153701,
    0.3066619898621186
  ],
  "train_acc": [
    22.837370242214533,
    51.21107266435986,
    57.52595155709343,
    67.30103806228374,
    74.30795847750865,
    79.23875432525952,
    81.40138408304499,
    84.77508650519032,
    88.4083044982699,
    88.75432525951557,
    89.3598615916955,
    89.7923875432526,
    90.7439446366782,
    91.86851211072664,
    91.08996539792388
  ],
  "val_loss": [
    1.8776700422425583,
    1.380140788827388,
    1.2156340333417213,
    0.7705853132846858,
    0.7151867858678824,
    0.6341849040613867,
    0.5950834560610844,
    0.5940064424616656,
    0.6357585572247687,
    0.6045499381876734,
    0.6096921807032556,
    0.5998779122289076,
    0.5992170409347771,
    0.613238418313665,
    0.5945055641259701
  ],
  "val_acc": [
    63.32179930795848,
    65.7439446366782,
    69.8961937716263,
    77.50865051903114,
    77.16262975778547,
    80.27681660899654,
    82.00692041522491,
    83.04498269896193,
    79.23875432525952,
    81.31487889273356,
    82.00692041522491,
    82.69896193771626,
    82.3529411764706,
    81.66089965397924,
    82.69896193771626
  ]
}