,k,top_k_accuracy,num_correct,total_samples,avg_top_k_confidence
0,1,0.24429066479206085,353,1445,0.5077759623527527
1,3,0.5384082794189453,778,1445,0.24743665754795074
2,5,0.6449826955795288,932,1445,0.1650562286376953
