,k,top_k_accuracy,num_correct,total_samples,avg_top_k_confidence
0,1,0.22906574606895447,331,1445,0.48837971687316895
1,3,0.5204152464866638,752,1445,0.24234656989574432
2,5,0.6415224671363831,927,1445,0.16299860179424286
