,k,top_k_accuracy,num_correct,total_samples,avg_top_k_confidence
0,1,0.21730104088783264,314,1445,0.4587908685207367
1,3,0.4961937665939331,717,1445,0.22995921969413757
2,5,0.6055363416671753,875,1445,0.15619011223316193
